{"stats":{"minecraft:custom":{"minecraft:open_barrel":5,"minecraft:time_since_rest":23870,"minecraft:open_chest":6,"minecraft:crouch_one_cm":1092,"minecraft:sprint_one_cm":32937,"minecraft:play_time":65415,"minecraft:deaths":3,"minecraft:damage_taken":70,"minecraft:walk_one_cm":56202,"minecraft:sneak_time":1185,"minecraft:mob_kills":1,"minecraft:jump":201,"minecraft:damage_dealt":235,"minecraft:leave_game":1,"minecraft:time_since_death":23839,"minecraft:enchant_item":1,"minecraft:climb_one_cm":3475,"minecraft:total_world_time":65415,"minecraft:interact_with_crafting_table":1,"minecraft:talked_to_villager":1,"minecraft:fly_one_cm":207673},"minecraft:killed":{"minecraft:villager":1},"minecraft:used":{"minecraft:water_bucket":5,"minecraft:netherite_sword":2,"minecraft:oak_leaves":7,"naturalist:butterfly_spawn_egg":1,"minecraft:end_stone_bricks":16,"minecraft:dirt":190,"mcwdoors:acacia_japanese2_door":1,"minecraft:villager_spawn_egg":1,"immersive_paintings:painting":2,"mcwdoors:jungle_barn_door":1,"minecraft:grass_block":173,"naturalist:teddy_bear":5,"minecraft:spruce_planks":69,"mcwdoors:birch_glass_door":2,"minecraft:smooth_quartz":134,"minecraft:enchanted_golden_apple":4},"minecraft:picked_up":{"minecraft:sweet_berries":4,"minecraft:diamond":9,"minecraft:wheat_seeds":1}},"DataVersion":2975}