{"stats":{"minecraft:used":{"minecraft:netherite_sword":2,"minecraft:oak_leaves":7,"naturalist:butterfly_spawn_egg":1,"minecraft:villager_spawn_egg":1,"immersive_paintings:painting":2,"naturalist:teddy_bear":5,"minecraft:enchanted_golden_apple":4},"minecraft:killed":{"minecraft:villager":1},"minecraft:custom":{"minecraft:open_barrel":5,"minecraft:time_since_rest":14332,"minecraft:open_chest":6,"minecraft:crouch_one_cm":771,"minecraft:play_time":35953,"minecraft:sprint_one_cm":27962,"minecraft:walk_one_cm":32597,"minecraft:damage_taken":70,"minecraft:deaths":2,"minecraft:sneak_time":547,"minecraft:mob_kills":1,"minecraft:jump":148,"minecraft:damage_dealt":235,"minecraft:time_since_death":14217,"minecraft:enchant_item":1,"minecraft:total_world_time":35953,"minecraft:climb_one_cm":3475,"minecraft:talked_to_villager":1,"minecraft:fly_one_cm":98000}},"DataVersion":2975}