{"stats":{"minecraft:custom":{"minecraft:open_barrel":5,"minecraft:time_since_rest":19794,"minecraft:open_chest":6,"minecraft:crouch_one_cm":823,"minecraft:sprint_one_cm":28218,"minecraft:play_time":41415,"minecraft:deaths":2,"minecraft:damage_taken":70,"minecraft:walk_one_cm":35578,"minecraft:sneak_time":639,"minecraft:mob_kills":1,"minecraft:jump":161,"minecraft:damage_dealt":235,"minecraft:leave_game":1,"minecraft:time_since_death":19679,"minecraft:enchant_item":1,"minecraft:climb_one_cm":3475,"minecraft:total_world_time":41415,"minecraft:interact_with_crafting_table":1,"minecraft:talked_to_villager":1,"minecraft:fly_one_cm":102780},"minecraft:killed":{"minecraft:villager":1},"minecraft:used":{"minecraft:netherite_sword":2,"minecraft:oak_leaves":7,"naturalist:butterfly_spawn_egg":1,"minecraft:villager_spawn_egg":1,"immersive_paintings:painting":2,"naturalist:teddy_bear":5,"minecraft:enchanted_golden_apple":4},"minecraft:picked_up":{"minecraft:diamond":9}},"DataVersion":2975}