{"stats":{"minecraft:custom":{"minecraft:open_barrel":5,"minecraft:time_since_rest":11870,"minecraft:open_chest":6,"minecraft:crouch_one_cm":859,"minecraft:sprint_one_cm":29721,"minecraft:play_time":53415,"minecraft:deaths":3,"minecraft:damage_taken":70,"minecraft:walk_one_cm":38446,"minecraft:sneak_time":1104,"minecraft:mob_kills":1,"minecraft:jump":178,"minecraft:damage_dealt":235,"minecraft:leave_game":1,"minecraft:time_since_death":11839,"minecraft:enchant_item":1,"minecraft:climb_one_cm":3475,"minecraft:total_world_time":53415,"minecraft:interact_with_crafting_table":1,"minecraft:talked_to_villager":1,"minecraft:fly_one_cm":183452},"minecraft:killed":{"minecraft:villager":1},"minecraft:used":{"minecraft:water_bucket":5,"minecraft:netherite_sword":2,"minecraft:oak_leaves":7,"naturalist:butterfly_spawn_egg":1,"minecraft:dirt":186,"minecraft:villager_spawn_egg":1,"immersive_paintings:painting":2,"minecraft:grass_block":173,"naturalist:teddy_bear":5,"minecraft:enchanted_golden_apple":4},"minecraft:picked_up":{"minecraft:sweet_berries":4,"minecraft:diamond":9,"minecraft:wheat_seeds":1}},"DataVersion":2975}