{"stats":{"minecraft:custom":{"minecraft:time_since_rest":454,"minecraft:waystone_activated":1,"minecraft:damage_taken":219,"minecraft:sprint_one_cm":13087,"minecraft:walk_one_cm":84576,"minecraft:mob_kills":1,"minecraft:drop":1,"minecraft:damage_dealt":1877,"minecraft:interact_with_crafting_table":2,"minecraft:fly_one_cm":273710,"minecraft:crouch_one_cm":2037,"minecraft:play_time":86346,"minecraft:deaths":4,"minecraft:sneak_time":2064,"minecraft:walk_under_water_one_cm":157,"minecraft:aviate_one_cm":9824,"minecraft:jump":253,"minecraft:walk_on_water_one_cm":1835,"minecraft:leave_game":2,"minecraft:time_since_death":422,"minecraft:total_world_time":86346,"minecraft:fall_one_cm":840},"minecraft:mined":{"minecraft:grass_block":2,"mcwbridges:bridge_torch":1,"minecraft:stone":2,"minecraft:oak_planks":2},"minecraft:used":{"mcwfences:granite_grass_topped_wall":4,"aquaculture:tambaqui":1,"paraglider:horned_statue":2,"mcwdoors:acacia_barn_door":1,"create:handheld_worldshaper":4,"mcwbridges:bamboo_bridge_stair":3,"byg:blue_enchanted_crafting_table":1,"restored_earth:rainbow_wool":1,"sophisticatedbackpacks:backpack":2,"minecraft:black_concrete":93,"mcwbridges:rope_birch_bridge":4,"minecraft:netherite_shovel":2,"minecraft:flint_and_steel":41,"immersive_paintings:painting":7,"farmersdelight:skillet":1,"create:crushing_wheel":2,"minecraft:wither_skeleton_skull":4,"minecraft:command_block":1,"minecraft:grass_block":4,"minecraft:red_stained_glass":44,"create:train_door":2,"mcwwindows:jungle_window2":4,"mcwbridges:bridge_torch":4,"minecraft:oak_planks":2,"minecraft:netherite_axe":2,"mcwbridges:acacia_log_bridge_stair":2,"carryon:entity_item":3,"farmersdelight:stove":2,"minecraft:stone":120,"minecraft:polished_granite":2,"byg:cryptic_lantern":4,"minecraft:netherrack":41,"create:experience_block":7,"alexsmobs:spawn_egg_stradpole":1,"paraglider:rito_goddess_statue":1,"mcwfurnitures:jungle_bookshelf":4,"minecraft:soul_sand":3,"mcwfences:railing_blackstone_wall":3,"mcwdoors:dark_oak_japanese2_door":4,"mcwfences:wooden_cheval_de_frise":4,"farmersdelight:chocolate_pie_slice":2,"mcwbridges:balustrade_prismarine_bricks_bridge":2,"mcwfences:jungle_hedge":4,"create:schematicannon":1,"minecraft:netherite_pickaxe":2,"supplementaries:statue":1,"supplementaries:checker_block":4,"minecraft:white_concrete":257,"mcwdoors:crimson_glass_door":3,"mcwbridges:bridge_lantern":6,"aquaculture:neptunium_axe":7,"mcwfurnitures:crimson_modern_chair":2,"immersive_paintings:graffiti":8},"minecraft:picked_up":{"minecraft:dirt":1,"mcwbridges:bridge_torch":1,"minecraft:white_concrete":1,"minecraft:oak_planks":2,"minecraft:cobblestone":18,"immersive_paintings:painting":2},"minecraft:dropped":{"immersive_paintings:painting":1},"minecraft:killed":{"witherstormmod:wither_storm":1}},"DataVersion":2975}