{"stats":{"minecraft:custom":{"minecraft:time_since_rest":37617,"minecraft:walk_one_cm":80170,"minecraft:sprint_one_cm":35564,"minecraft:damage_taken":70,"minecraft:mob_kills":1,"minecraft:drop":1,"minecraft:damage_dealt":235,"minecraft:talked_to_villager":1,"minecraft:interact_with_crafting_table":1,"minecraft:fly_one_cm":208706,"minecraft:open_barrel":5,"minecraft:open_chest":6,"minecraft:crouch_one_cm":1092,"minecraft:play_time":79162,"minecraft:deaths":3,"minecraft:sneak_time":1185,"minecraft:jump":206,"minecraft:leave_game":2,"minecraft:time_since_death":37586,"minecraft:enchant_item":1,"minecraft:total_world_time":79162,"minecraft:climb_one_cm":3475},"minecraft:killed":{"minecraft:villager":1},"minecraft:used":{"mcwfurnitures:oak_desk":2,"minecraft:water_bucket":5,"minecraft:netherite_sword":2,"minecraft:black_concrete":6,"minecraft:end_stone_bricks":16,"minecraft:villager_spawn_egg":1,"immersive_paintings:painting":4,"minecraft:grass_block":173,"minecraft:spruce_slab":2,"minecraft:spruce_planks":73,"mcwdoors:birch_glass_door":2,"minecraft:smooth_quartz":142,"mcwfurnitures:spruce_modern_chair":8,"minecraft:oak_leaves":7,"naturalist:butterfly_spawn_egg":1,"minecraft:torch":11,"minecraft:red_carpet":6,"minecraft:dirt":190,"mcwfurnitures:spruce_bookshelf":3,"mcwdoors:acacia_japanese2_door":1,"mcwdoors:jungle_barn_door":3,"minecraft:spruce_stairs":5,"naturalist:teddy_bear":5,"create:brown_seat":1,"minecraft:enchanted_golden_apple":4},"minecraft:picked_up":{"minecraft:sweet_berries":4,"minecraft:torch":3,"minecraft:diamond":9,"minecraft:wheat_seeds":1},"minecraft:dropped":{"minecraft:torch":1}},"DataVersion":2975}