{"stats":{"minecraft:custom":{"minecraft:time_since_rest":4216,"minecraft:waystone_activated":2,"minecraft:damage_taken":626,"minecraft:sprint_one_cm":21846,"minecraft:walk_one_cm":104577,"minecraft:mob_kills":11,"minecraft:damage_dealt":5519,"minecraft:interact_with_crafting_table":1,"minecraft:fly_one_cm":275271,"minecraft:crouch_one_cm":558,"minecraft:play_time":94101,"minecraft:deaths":1,"minecraft:sneak_time":1812,"minecraft:walk_under_water_one_cm":208,"minecraft:jump":376,"minecraft:leave_game":2,"minecraft:walk_on_water_one_cm":576,"minecraft:time_since_death":4186,"minecraft:total_world_time":94101,"minecraft:fall_one_cm":2124},"minecraft:used":{"aquaculture:neptunium_boots":1,"alexsmobs:spawn_egg_mantis_shrimp":1,"waystones:waystone":2,"create:handheld_worldshaper":1,"minecraft:lever":6,"sophisticatedbackpacks:backpack":1,"minecraft:flint_and_steel":2,"immersive_paintings:painting":4,"aquaculture:neptunium_helmet":1,"witherstormmod:super_tnt":1,"supplementaries:sconce_lever":3,"minecraft:polished_granite":29,"minecraft:iron_sword":1,"byg:cryptic_lantern":6,"aquaculture:neptunium_fishing_rod":7,"aquaculture:neptunium_sword":1,"paraglider:goddess_statue":1,"minecraft:redstone_lamp":7,"minecraft:diamond_sword":1,"mcwdoors:iron_portcullis":11,"minecraft:white_stained_glass":1,"witherstormmod:formidibomb":1,"immersive_paintings:glow_painting":1,"aquaculture:neptunium_leggings":1,"farmersdelight:stuffed_pumpkin":1,"mcwbridges:andesite_bridge_stair":5,"minecraft:white_concrete":441,"aquaculture:blackfish_bucket":1,"artifacts:mimic_spawn_egg":1,"witherstormmod:command_block_sword":22,"minecraft:netherite_sword":1,"byg:embur_crafting_table":1},"minecraft:picked_up":{"artifacts:universal_attractor":1,"supplementaries:sconce_lever":1,"minecraft:gravel":18,"minecraft:dirt":1,"minecraft:rotten_flesh":1,"aquaculture:atlantic_herring":1,"minecraft:cobblestone":32,"immersive_paintings:painting":1},"minecraft:killed":{"minecraft:skeleton":1,"aquaculture:blackfish":1,"aquaculture:bluegill":1,"minecraft:spider":2,"aquaculture:atlantic_herring":2,"alexsmobs:stradpole":1,"alexsmobs:mantis_shrimp":1,"artifacts:mimic":1}},"DataVersion":2975}