{"stats":{"minecraft:custom":{"minecraft:open_chest":2,"minecraft:time_since_rest":140442,"minecraft:crouch_one_cm":476,"minecraft:sprint_one_cm":19751,"minecraft:play_time":140442,"minecraft:walk_one_cm":59352,"minecraft:sneak_time":1027,"minecraft:mob_kills":1,"minecraft:jump":212,"minecraft:damage_dealt":170,"minecraft:leave_game":6,"minecraft:time_since_death":140442,"minecraft:enchant_item":1,"minecraft:climb_one_cm":1547,"minecraft:total_world_time":140442,"minecraft:interact_with_crafting_table":6,"minecraft:fall_one_cm":209,"minecraft:fly_one_cm":152599},"minecraft:used":{"naturalist:lion_spawn_egg":1,"naturalist:vulture_spawn_egg":1,"farmersdelight:onion":2,"minecraft:enchanting_table":2,"naturalist:snail_spawn_egg":1,"minecraft:bookshelf":24,"naturalist:robin_spawn_egg":2,"minecraft:crafting_table":1,"minecraft:white_concrete":10,"minecraft:spruce_planks":15,"minecraft:ladder":9,"immersive_paintings:glow_painting":1,"naturalist:hippo_spawn_egg":1,"naturalist:bear_spawn_egg":1,"minecraft:netherite_hoe":4,"naturalist:caterpillar_spawn_egg":1,"minecraft:stone":27,"minecraft:cooked_beef":6,"endersdelight:ender_paella":2,"minecraft:end_stone":1,"create:large_cogwheel":1,"create:creative_motor":1},"minecraft:killed":{"naturalist:snail":1},"minecraft:picked_up":{"minecraft:wheat_seeds":2,"minecraft:diamond_sword":1,"minecraft:lapis_lazuli":1}},"DataVersion":2975}