{
  "aquaculture:recipes/food/sushi": {
    "criteria": {
      "has_alt_items": "2024-06-23 02:11:48 +0000",
      "has_items": "2024-06-23 02:11:48 +0000"
    },
    "done": true
  },
  "aquaculture:recipes/decorations/spruce_fish_mount": {
    "criteria": {
      "has_items": "2024-06-23 02:11:48 +0000"
    },
    "done": true
  },
  "aquaculture:recipes/misc/neptunium_ingot_from_neptunium_block": {
    "criteria": {
      "has_items": "2024-06-23 02:11:48 +0000"
    },
    "done": true
  },
  "mcwfences:recipes/deepslate": {
    "criteria": {
      "has_deepslate": "2024-06-23 02:11:48 +0000"
    },
    "done": true
  },
  "takesapillage:root": {
    "criteria": {
      "always": "2024-06-23 02:11:48 +0000"
    },
    "done": true
  },
  "aquaculture:recipes/aquaculture/note_hook": {
    "criteria": {
      "has_items": "2024-06-23 02:11:48 +0000"
    },
    "done": true
  },
  "aquaculture:recipes/misc/tin_can_to_iron_nugget_from_blasting": {
    "criteria": {
      "has_items": "2024-06-23 02:11:48 +0000"
    },
    "done": true
  },
  "byg:root": {
    "criteria": {
      "tick": "2024-06-23 02:11:48 +0000"
    },
    "done": true
  },
  "aquaculture:recipes/food/cooked_frog_legs": {
    "criteria": {
      "has_items": "2024-06-23 02:11:48 +0000"
    },
    "done": true
  },
  "aquaculture:recipes/aquaculture/light_hook": {
    "criteria": {
      "has_items": "2024-06-23 02:11:48 +0000"
    },
    "done": true
  },
  "aquaculture:recipes/misc/iron_nugget_from_smelting": {
    "criteria": {
      "has_fishing_rod": "2024-06-23 02:11:48 +0000",
      "has_fillet_knife": "2024-06-23 02:11:48 +0000"
    },
    "done": true
  },
  "aquaculture:recipes/decorations/oak_fish_mount": {
    "criteria": {
      "has_items": "2024-06-23 02:11:48 +0000"
    },
    "done": true
  },
  "mcwfences:recipes/blackstone": {
    "criteria": {
      "has_blackstone": "2024-06-23 02:11:48 +0000"
    },
    "done": true
  },
  "biomesoplenty:biomesoplenty/all_biomes": {
    "criteria": {
      "highland": "2024-06-23 02:18:18 +0000",
      "field": "2024-06-23 02:18:25 +0000",
      "coniferous_forest": "2024-06-23 02:18:24 +0000"
    },
    "done": false
  },
  "aquaculture:recipes/decorations/dark_oak_fish_mount": {
    "criteria": {
      "has_items": "2024-06-23 02:11:48 +0000"
    },
    "done": true
  },
  "mcwfences:recipes/sandstone": {
    "criteria": {
      "has_sand": "2024-06-23 02:11:48 +0000"
    },
    "done": true
  },
  "byg:husbandry/root": {
    "criteria": {
      "consumed_item": "2024-06-23 02:23:11 +0000"
    },
    "done": true
  },
  "aquaculture:recipes/aquaculture/redstone_hook": {
    "criteria": {
      "has_items": "2024-06-23 02:11:48 +0000"
    },
    "done": true
  },
  "minecraft:adventure/adventuring_time": {
    "criteria": {
      "minecraft:taiga": "2024-06-23 02:11:48 +0000",
      "minecraft:cold_ocean": "2024-06-23 02:37:50 +0000",
      "minecraft:forest": "2024-06-23 02:37:45 +0000",
      "minecraft:plains": "2024-06-23 02:37:00 +0000"
    },
    "done": false
  },
  "aquaculture:recipes/misc/jellyfish_to_slimeball": {
    "criteria": {
      "has_items": "2024-06-23 02:11:48 +0000"
    },
    "done": true
  },
  "minecraft:husbandry/root": {
    "criteria": {
      "consumed_item": "2024-06-23 02:23:11 +0000"
    },
    "done": true
  },
  "aquaculture:recipes/food/cooked_fish_fillet": {
    "criteria": {
      "has_items": "2024-06-23 02:11:48 +0000"
    },
    "done": true
  },
  "mcwfences:recipes/nether": {
    "criteria": {
      "has_nether_brick": "2024-06-23 02:11:48 +0000"
    },
    "done": true
  },
  "aquaculture:recipes/tools/golden_fishing_rod": {
    "criteria": {
      "has_vanilla_rod": "2024-06-23 02:11:48 +0000"
    },
    "done": true
  },
  "aquaculture:recipes/misc/red_mushroom_from_fish": {
    "criteria": {
      "has_items": "2024-06-23 02:11:48 +0000"
    },
    "done": true
  },
  "aquaculture:recipes/tools/diamond_fishing_rod": {
    "criteria": {
      "has_vanilla_rod": "2024-06-23 02:11:48 +0000"
    },
    "done": true
  },
  "mcwfences:recipes/crimson": {
    "criteria": {
      "has_crimson": "2024-06-23 02:11:48 +0000"
    },
    "done": true
  },
  "mcwfences:recipes/stone": {
    "criteria": {
      "has_stone": "2024-06-23 02:11:48 +0000"
    },
    "done": true
  },
  "aquaculture:recipes/food/cooked_fish_fillet_from_campfire": {
    "criteria": {
      "has_items": "2024-06-23 02:11:48 +0000"
    },
    "done": true
  },
  "aquaculture:recipes/tools/iron_fishing_rod": {
    "criteria": {
      "has_vanilla_rod": "2024-06-23 02:11:48 +0000"
    },
    "done": true
  },
  "mcwfences:recipes/warped": {
    "criteria": {
      "has_warped": "2024-06-23 02:11:48 +0000"
    },
    "done": true
  },
  "minecraft:adventure/root": {
    "criteria": {
      "killed_something": "2024-06-23 02:40:02 +0000"
    },
    "done": true
  },
  "mcwfences:recipes/prismarine": {
    "criteria": {
      "has_qq": "2024-06-23 02:11:48 +0000"
    },
    "done": true
  },
  "aquaculture:recipes/misc/bonemeal_from_fish_bones": {
    "criteria": {
      "has_items": "2024-06-23 02:11:48 +0000"
    },
    "done": true
  },
  "mcwfences:recipes/bamboo": {
    "criteria": {
      "has_bamboo": "2024-06-23 02:11:48 +0000"
    },
    "done": true
  },
  "aquaculture:recipes/decorations/acacia_fish_mount": {
    "criteria": {
      "has_items": "2024-06-23 02:11:48 +0000"
    },
    "done": true
  },
  "aquaculture:recipes/aquaculture/gold_hook": {
    "criteria": {
      "has_items": "2024-06-23 02:11:48 +0000"
    },
    "done": true
  },
  "aquaculture:recipes/misc/gold_nugget_from_blasting": {
    "criteria": {
      "has_fishing_rod": "2024-06-23 02:11:48 +0000",
      "has_fillet_knife": "2024-06-23 02:11:48 +0000"
    },
    "done": true
  },
  "aquaculture:recipes/misc/brown_mushroom_from_fish": {
    "criteria": {
      "has_items": "2024-06-23 02:11:48 +0000"
    },
    "done": true
  },
  "mcwfences:recipes/acacia": {
    "criteria": {
      "has_acacia": "2024-06-23 02:11:48 +0000"
    },
    "done": true
  },
  "farmersdelight:main/root": {
    "criteria": {
      "seeds": "2024-06-23 02:11:48 +0000"
    },
    "done": true
  },
  "aquaculture:recipes/aquaculture/heavy_hook": {
    "criteria": {
      "has_items": "2024-06-23 02:11:48 +0000"
    },
    "done": true
  },
  "aquaculture:recipes/aquaculture/iron_hook": {
    "criteria": {
      "has_items": "2024-06-23 02:11:48 +0000"
    },
    "done": true
  },
  "mcwfences:recipes/jungle": {
    "criteria": {
      "has_jungle": "2024-06-23 02:11:48 +0000"
    },
    "done": true
  },
  "aquaculture:recipes/misc/iron_nugget_from_blasting": {
    "criteria": {
      "has_fishing_rod": "2024-06-23 02:11:48 +0000",
      "has_fillet_knife": "2024-06-23 02:11:48 +0000"
    },
    "done": true
  },
  "mcwfences:recipes/quartz": {
    "criteria": {
      "has_qq": "2024-06-23 02:11:48 +0000"
    },
    "done": true
  },
  "aquaculture:recipes/building_blocks/planks_from_driftwood": {
    "criteria": {
      "has_items": "2024-06-23 02:11:48 +0000"
    },
    "done": true
  },
  "aquaculture:recipes/food/cooked_frog_legs_from_smoking": {
    "criteria": {
      "has_items": "2024-06-23 02:11:48 +0000"
    },
    "done": true
  },
  "aquaculture:recipes/aquaculture/double_hook": {
    "criteria": {
      "has_items": "2024-06-23 02:11:48 +0000"
    },
    "done": true
  },
  "dungeons_arise:wda_root": {
    "criteria": {
      "WDA": "2024-06-23 02:11:48 +0000"
    },
    "done": true
  },
  "mcwfences:recipes/spruce": {
    "criteria": {
      "has_spruce": "2024-06-23 02:11:48 +0000"
    },
    "done": true
  },
  "mcwfences:recipes/oak": {
    "criteria": {
      "has_oak": "2024-06-23 02:11:48 +0000"
    },
    "done": true
  },
  "minecraft:story/enchant_item": {
    "criteria": {
      "enchanted_item": "2024-06-23 02:20:53 +0000"
    },
    "done": true
  },
  "aquaculture:recipes/decorations/jungle_fish_mount": {
    "criteria": {
      "has_items": "2024-06-23 02:11:48 +0000"
    },
    "done": true
  },
  "mcwfences:recipes/hedge": {
    "criteria": {
      "has_birch": "2024-06-23 02:11:48 +0000"
    },
    "done": true
  },
  "mcwfences:recipes/end": {
    "criteria": {
      "has_end_brick": "2024-06-23 02:11:48 +0000"
    },
    "done": true
  },
  "minecraft:husbandry/balanced_diet": {
    "criteria": {
      "enchanted_golden_apple": "2024-06-23 02:23:11 +0000"
    },
    "done": false
  },
  "mcwfences:recipes/birch": {
    "criteria": {
      "has_birch": "2024-06-23 02:11:48 +0000"
    },
    "done": true
  },
  "minecraft:recipes/misc/mojang_banner_pattern": {
    "criteria": {
      "has_enchanted_golden_apple": "2024-06-23 02:23:09 +0000"
    },
    "done": true
  },
  "mcwfences:recipes/dark_oak": {
    "criteria": {
      "has_dark_oak": "2024-06-23 02:11:48 +0000"
    },
    "done": true
  },
  "aquaculture:recipes/misc/neptunium_ingot_from_nuggets": {
    "criteria": {
      "has_items": "2024-06-23 02:11:48 +0000"
    },
    "done": true
  },
  "aquaculture:recipes/aquaculture/diamond_hook": {
    "criteria": {
      "has_items": "2024-06-23 02:11:48 +0000"
    },
    "done": true
  },
  "biomesoplenty:biomesoplenty/root": {
    "criteria": {
      "highland": "2024-06-23 02:18:18 +0000"
    },
    "done": true
  },
  "aquaculture:recipes/food/cooked_frog_legs_from_campfire": {
    "criteria": {
      "has_items": "2024-06-23 02:11:48 +0000"
    },
    "done": true
  },
  "aquaculture:recipes/decorations/birch_fish_mount": {
    "criteria": {
      "has_items": "2024-06-23 02:11:48 +0000"
    },
    "done": true
  },
  "create:root": {
    "criteria": {
      "0": "2024-06-23 02:11:48 +0000"
    },
    "done": true
  },
  "dungeons_arise:find_infested_temple_map": {
    "criteria": {
      "find_map": "2024-06-23 02:18:27 +0000"
    },
    "done": true
  },
  "dungeons_arise:find_monasteries": {
    "criteria": {
      "location0": "2024-06-23 02:18:24 +0000"
    },
    "done": true
  },
  "aquaculture:recipes/food/frog_legs": {
    "criteria": {
      "has_items": "2024-06-23 02:11:48 +0000"
    },
    "done": true
  },
  "aquaculture:recipes/misc/gold_nugget_from_gold_fish": {
    "criteria": {
      "has_items": "2024-06-23 02:11:48 +0000"
    },
    "done": true
  },
  "aquaculture:recipes/misc/tin_can_to_iron_nugget": {
    "criteria": {
      "has_items": "2024-06-23 02:11:48 +0000"
    },
    "done": true
  },
  "aquaculture:recipes/aquaculture/bobber": {
    "criteria": {
      "has_items": "2024-06-23 02:11:48 +0000"
    },
    "done": true
  },
  "aquaculture:recipes/misc/gold_nugget_from_smelting": {
    "criteria": {
      "has_fishing_rod": "2024-06-23 02:11:48 +0000",
      "has_fillet_knife": "2024-06-23 02:11:48 +0000"
    },
    "done": true
  },
  "byg:biomepedia_gift": {
    "criteria": {
      "tick": "2024-06-23 02:11:48 +0000"
    },
    "done": true
  },
  "aquaculture:recipes/aquaculture/fishing_line": {
    "criteria": {
      "has_items": "2024-06-23 02:11:48 +0000"
    },
    "done": true
  },
  "aquaculture:recipes/misc/neptinium_ingot_from_blasting": {
    "criteria": {
      "has_leggings": "2024-06-23 02:11:48 +0000",
      "has_axe": "2024-06-23 02:11:48 +0000",
      "has_helmet": "2024-06-23 02:11:48 +0000",
      "has_fishing_rod": "2024-06-23 02:11:48 +0000",
      "has_bow": "2024-06-23 02:11:48 +0000",
      "has_chestplate": "2024-06-23 02:11:48 +0000",
      "has_sword": "2024-06-23 02:11:48 +0000",
      "has_fillet_knife": "2024-06-23 02:11:48 +0000",
      "has_shovel": "2024-06-23 02:11:48 +0000",
      "has_hoe": "2024-06-23 02:11:48 +0000",
      "has_boots": "2024-06-23 02:11:48 +0000",
      "has_pickaxe": "2024-06-23 02:11:48 +0000"
    },
    "done": true
  },
  "aquaculture:recipes/aquaculture/worm_farm": {
    "criteria": {
      "has_items": "2024-06-23 02:11:48 +0000"
    },
    "done": true
  },
  "aquaculture:recipes/food/cooked_fish_fillet_from_smoking": {
    "criteria": {
      "has_items": "2024-06-23 02:11:48 +0000"
    },
    "done": true
  },
  "DataVersion": 2975
}